CREATE TABLE "books" (
  "book_id" INT GENERATED BY DEFAULT AS IDENTITY PRIMARY KEY,
  "title" VARCHAR(255),
  "lang" VARCHAR(50),
  "publisher_year" INT,
  "location" VARCHAR(255),
  "quantity" INT,
  "author_name" VARCHAR(255),
  "genre" VARCHAR(100),
  "is_deleted" BOOLEAN DEFAULT FALSE
);

CREATE TABLE "borrowrecords" (
  "record_id" int PRIMARY KEY,
  "reader_id" int,
  "book_id" int,
  "borrow_date" date,
  "due_date" date,
  "return_date" date
);

CREATE TABLE "reader" (
  "reader_id" INT GENERATED BY DEFAULT AS IDENTITY PRIMARY KEY,
  "student_id" varchar(50) UNIQUE,
  "full_name" varchar(255),
  "email" varchar(255) UNIQUE,
  "phone_number" varchar(15) UNIQUE,
  "faculty" varchar(100),
  "status" varchar(50) DEFAULT 'Active'
);

CREATE TABLE "readeraccounts" (
  "account_id" INT GENERATED BY DEFAULT AS IDENTITY PRIMARY KEY,
  "student_id" varchar(50),
  "username" varchar(50) UNIQUE,
  "password" varchar(255),
  "status" varchar(50) DEFAULT 'Active',
  "last_login" timestamp,
  "role" VARCHAR(20) DEFAULT 'student'
);

CREATE TABLE "readeractivitylog" (
  "activity_id" INT GENERATED BY DEFAULT AS IDENTITY PRIMARY KEY,
  "account_id" int,
  "activity_description" text,
  "activity_date" timestamp
);

CREATE TABLE "reviews" (
  "review_id" INT GENERATED BY DEFAULT AS IDENTITY PRIMARY KEY,
  "book_id" int,
  "reader_id" int,
  "rating" int,
  "comment" text,
  "review_date" timestamp
);

CREATE TABLE "chats" (
  "chat_id" INT GENERATED BY DEFAULT AS IDENTITY PRIMARY KEY,
  "student_id" VARCHAR(50);NOT NULL,
  "admin_id" INT, -- nếu bạn có bảng quản lý admin riêng
  "created_at" TIMESTAMP DEFAULT CURRENT_TIMESTAMP,
  "is_active" BOOLEAN DEFAULT TRUE
);

CREATE TABLE "messages" (
  "message_id" INT GENERATED BY DEFAULT AS IDENTITY PRIMARY KEY,
  "chat_id" INT NOT NULL,
  "sender_type" VARCHAR(20) NOT NULL, -- 'admin' hoặc 'reader'
  "sender_id" INT NOT NULL, -- reader_id hoặc admin_id tùy sender_type
  "message_text" TEXT,
  "sent_at" TIMESTAMP DEFAULT CURRENT_TIMESTAMP,
  "is_read" BOOLEAN DEFAULT FALSE
);

CREATE TABLE "chat_attachments" (
  "attachment_id" INT GENERATED BY DEFAULT AS IDENTITY PRIMARY KEY,
  "message_id" INT NOT NULL,
  "file_url" VARCHAR(500),
  "file_type" VARCHAR(50),
  "uploaded_at" TIMESTAMP DEFAULT CURRENT_TIMESTAMP
);

COMMENT ON COLUMN "reviews"."rating" IS 'Từ 1 đến 5';

ALTER TABLE "chats" ADD FOREIGN KEY ("reader_id") REFERENCES "reader" ("reader_id");

ALTER TABLE "messages" ADD FOREIGN KEY ("chat_id") REFERENCES "chats" ("chat_id");

ALTER TABLE "chat_attachments" ADD FOREIGN KEY ("message_id") REFERENCES "messages" ("message_id");

ALTER TABLE "borrowrecords" ADD FOREIGN KEY ("book_id") REFERENCES "books" ("book_id");

ALTER TABLE "readeraccounts" ADD FOREIGN KEY ("student_id") REFERENCES "reader" ("student_id");

ALTER TABLE "readeractivitylog" ADD FOREIGN KEY ("account_id") REFERENCES "readeraccounts" ("account_id");

ALTER TABLE "reviews" ADD FOREIGN KEY ("book_id") REFERENCES "books" ("book_id");

ALTER TABLE "reviews" ADD FOREIGN KEY ("reader_id") REFERENCES "reader" ("reader_id"); 

-- Thay đổi mã sinh viên trong bảng reader thì bảng readeraccounts cũng phải thay đổi theo (vì có khóa ngoại student_id)
  -- ALTER TABLE readeraccounts
  --   DROP CONSTRAINT IF EXISTS fk_student_id;

  -- ALTER TABLE readeraccounts
  --   ADD CONSTRAINT fk_student_id FOREIGN KEY (student_id)
  --   REFERENCES reader(student_id)
  --   ON UPDATE CASCADE
  --   ON DELETE RESTRICT;

--  Admin information
INSERT INTO reader (
    student_id,
    full_name,
    email,
    phone_number,
    faculty,
    status) VALUES (
    'AdminLibGCUT',            
    'Library Management',      
    'AdminLibGCUT@stu.gcut.edu.vn',  
    '0912345678',       
    'Library Management', 
    'Active'            
);

-- Admin account : username = Admin   password = 123456789
INSERT INTO readeraccounts (student_id, username, password, last_login,role)
VALUES ('AdminLibGCUT', 'Admin', '$2y$10$cORpRySkiTEXuVBQHAgy4.IkR6w6ZishzqAUM8ZAgGkf/X6joCfjK', CURRENT_TIMESTAMP,'admin')

-- books 
INSERT INTO books (title, lang, publisher_year, location, quantity, author_name, genre)
VALUES
('The Silent Forest', 'English', 2012, '1-1-3', 5, 'Emma Thompson', 'Mystery'),
('Beyond the Horizon', 'English', 2018, '2-3-7', 8, 'James Wilson', 'Adventure'),
('Shadows of Time', 'English', 2005, '5-2-10', 12, 'Olivia Parker', 'Historical'),
('The Last Voyage', 'English', 2010, '3-4-2', 7, 'Michael Johnson', 'Adventure'),
('Whispers in the Dark', 'English', 2020, '6-1-6', 3, 'Sophia Brown', 'Thriller'),
('Echoes of Eternity', 'English', 1999, '4-3-9', 15, 'William Smith', 'Fantasy'),
('The Forgotten Realm', 'English', 2015, '7-2-4', 9, 'Isabella Taylor', 'Fantasy'),
('Crimson Dawn', 'English', 2008, '2-4-8', 6, 'Liam Davis', 'Romance'),
('The Hidden Key', 'English', 2022, '1-3-5', 4, 'Charlotte Miller', 'Mystery'),
('A Tale of Two Cities', 'English', 1995, '9-1-1', 10, 'Henry Adams', 'Classic'),
('Winds of Change', 'English', 2019, '10-2-3', 11, 'Mia Wilson', 'Drama'),
('The Golden Compass', 'English', 2001, '3-1-2', 13, 'Noah Harris', 'Fantasy'),
('River of Dreams', 'English', 2016, '8-4-9', 7, 'Amelia Clark', 'Romance'),
('The Iron Fortress', 'English', 2003, '5-3-6', 5, 'Ethan Lewis', 'Historical'),
('Midnight Secrets', 'English', 2011, '6-2-8', 6, 'Harper Scott', 'Thriller'),
('The Glass Garden', 'English', 2020, '4-1-4', 9, 'Alexander Young', 'Drama'),
('Legends of Avalon', 'English', 2014, '7-3-10', 8, 'Abigail King', 'Fantasy'),
('The Crimson Crown', 'English', 2006, '2-1-7', 12, 'Daniel Wright', 'Adventure'),
('Whispering Winds', 'English', 2017, '9-4-5', 4, 'Ella Baker', 'Romance'),
('Secrets of the Deep', 'English', 2000, '10-3-2', 10, 'Lucas Roberts', 'Mystery');
INSERT INTO books (title, lang, publisher_year, location, quantity, author_name, genre)
VALUES
('Fundamentals of Robotics', 'English', 2015, '1-1-2', 8, 'Alan Turing', 'Engineering'),
('Quantum Mechanics Explained', 'English', 2012, '2-3-5', 6, 'Richard Feynman', 'Science'),
('Introduction to Algorithms', 'English', 2009, '3-2-8', 12, 'Thomas Cormen', 'Technology'),
('Advanced Thermodynamics', 'English', 2018, '4-4-3', 5, 'Ludwig Boltzmann', 'Science'),
('Principles of Structural Engineering', 'English', 2011, '5-1-6', 9, 'Isambard Brunel', 'Engineering'),
('Machine Learning Basics', 'English', 2020, '6-3-7', 7, 'Andrew Ng', 'Technology'),
('Applied Electromagnetics', 'English', 2005, '7-2-4', 10, 'James Clerk Maxwell', 'Engineering'),
('Data Science for Beginners', 'English', 2019, '8-1-1', 8, 'Hilary Mason', 'Technology'),
('Calculus Made Simple', 'English', 2000, '9-3-9', 15, 'Isaac Newton', 'Mathematics'),
('Artificial Intelligence: Concepts', 'English', 2017, '10-2-2', 6, 'John McCarthy', 'Technology'),
('Modern Astrophysics', 'English', 2013, '1-4-5', 7, 'Carl Sagan', 'Science'),
('Digital Signal Processing', 'English', 2008, '2-2-3', 9, 'Alan Oppenheim', 'Technology'),
('Control Systems Engineering', 'English', 2016, '3-1-7', 10, 'Gene Franklin', 'Engineering'),
('Linear Algebra Applications', 'English', 2003, '4-3-2', 12, 'Gilbert Strang', 'Mathematics'),
('Nanotechnology Fundamentals', 'English', 2021, '5-2-6', 5, 'Mihail Roco', 'Science'),
('Computer Architecture', 'English', 2007, '6-4-4', 8, 'David Patterson', 'Technology'),
('Structural Dynamics', 'English', 2010, '7-1-3', 7, 'Anil Chopra', 'Engineering'),
('Probability and Statistics', 'English', 2014, '8-2-9', 11, 'William Feller', 'Mathematics'),
('Renewable Energy Systems', 'English', 2019, '9-1-5', 6, 'Daniel Kammen', 'Engineering'),
('Introduction to Computational Physics', 'English', 2012, '10-3-1', 9, 'Mark Newman', 'Science');
INSERT INTO books (title, lang, publisher_year, location, quantity, author_name, genre)
VALUES
('Advanced Quantum Computing', 'English', 2022, '1-3-4', 6, 'David Deutsch', 'Technology'),
('Thermal Fluid Dynamics', 'English', 2017, '2-2-7', 8, 'Frank White', 'Engineering'),
('Statistical Mechanics', 'English', 2011, '3-4-2', 10, 'Lev Landau', 'Science'),
('Embedded Systems Design', 'English', 2019, '4-1-6', 5, 'Peter Marwedel', 'Technology'),
('Civil Engineering Handbook', 'English', 2005, '5-3-9', 12, 'Karl Terzaghi', 'Engineering'),
('Applied Linear Algebra', 'English', 2008, '6-2-3', 7, 'Steven Lay', 'Mathematics'),
('Introduction to Thermodynamics', 'English', 2013, '7-4-1', 9, 'Yunus Çengel', 'Science'),
('Robotics: Principles and Practice', 'English', 2020, '8-1-8', 6, 'Siegfried Engel', 'Engineering'),
('Machine Vision Basics', 'English', 2016, '9-3-5', 8, 'Ramesh Jain', 'Technology'),
('Applied Probability', 'English', 2002, '10-2-6', 11, 'Sheldon Ross', 'Mathematics'),
('Nanomaterials Science', 'English', 2021, '1-4-9', 5, 'Charles Lieber', 'Science'),
('Control Theory Fundamentals', 'English', 2009, '2-1-3', 7, 'Ogata Katsuhiko', 'Engineering'),
('Computer Networks Explained', 'English', 2018, '3-2-5', 10, 'Andrew Tanenbaum', 'Technology'),
('Differential Equations in Practice', 'English', 2014, '4-3-7', 9, 'Boyce DiPrima', 'Mathematics'),
('Renewable Energy Engineering', 'English', 2020, '5-4-2', 6, 'John Twidell', 'Engineering'),
('Advanced Astrophysics', 'English', 2007, '6-1-4', 8, 'Neil deGrasse Tyson', 'Science'),
('Digital Electronics', 'English', 2015, '7-2-6', 7, 'Thomas Floyd', 'Technology'),
('Engineering Mechanics', 'English', 2003, '8-3-1', 12, 'Russell Hibbeler', 'Engineering'),
('Numerical Methods', 'English', 2012, '9-4-8', 10, 'Richard Burden', 'Mathematics'),
('Computational Chemistry', 'English', 2019, '10-1-5', 5, 'Frank Jensen', 'Science');
INSERT INTO books (title, lang, publisher_year, location, quantity, author_name, genre)
VALUES
('Advanced Materials Science', 'English', 2016, '1-2-8', 7, 'Robert Reed', 'Science'),
('Principles of Software Engineering', 'English', 2013, '2-3-2', 9, 'Ian Sommerville', 'Technology'),
('Structural Analysis Techniques', 'English', 2007, '3-1-4', 8, 'Jack McCormac', 'Engineering'),
('Discrete Mathematics Essentials', 'English', 2010, '4-4-6', 10, 'Kenneth Rosen', 'Mathematics'),
('Photonics and Optical Systems', 'English', 2018, '5-2-3', 6, 'John Dudley', 'Science'),
('Embedded Microcontrollers', 'English', 2019, '6-3-7', 5, 'Wayne Wolf', 'Technology'),
('Thermal Systems Design', 'English', 2012, '7-1-5', 12, 'Cengel & Turner', 'Engineering'),
('Linear Algebra for Engineers', 'English', 2005, '8-2-1', 9, 'Stephen Boyd', 'Mathematics'),
('Computational Fluid Dynamics', 'English', 2020, '9-3-6', 8, 'John Anderson', 'Engineering'),
('Introduction to Biostatistics', 'English', 2014, '10-4-2', 7, 'Wayne Daniel', 'Mathematics'),
('Quantum Field Theory', 'English', 2011, '1-1-3', 5, 'Mark Srednicki', 'Science'),
('Modern Control Systems', 'English', 2015, '2-2-5', 10, 'Richard Dorf', 'Engineering'),
('Computer Graphics Concepts', 'English', 2017, '3-3-9', 6, 'Foley et al.', 'Technology'),
('Calculus for Scientists', 'English', 2008, '4-1-2', 12, 'James Stewart', 'Mathematics'),
('Nanotechnology Engineering', 'English', 2021, '5-4-7', 5, 'Mihail Roco', 'Engineering'),
('Artificial Neural Networks', 'English', 2019, '6-2-4', 7, 'Simon Haykin', 'Technology'),
('Environmental Physics', 'English', 2006, '7-3-6', 8, 'Richard P. Feynman', 'Science'),
('Structural Dynamics and Vibrations', 'English', 2013, '8-1-8', 9, 'Mario Paz', 'Engineering'),
('Probability Theory Essentials', 'English', 2012, '9-4-3', 6, 'Sheldon Ross', 'Mathematics'),
('Applied Quantum Mechanics', 'English', 2018, '10-2-9', 7, 'Griffiths', 'Science');
INSERT INTO books (title, lang, publisher_year, location, quantity, author_name, genre)
VALUES
('Whisper of the Bamboo Forest', 'Vietnamese', 2018, '10-2-1', 10, 'Nguyen Minh Duc', 'Fiction'),
('The Last Autumn in Hanoi', 'Vietnamese', 2020, '10-2-2', 7, 'Tran Thi Hoa', 'Romance'),
('Echoes of the Red River', 'Vietnamese', 2017, '10-2-3', 12, 'Le Van Huy', 'Historical'),
('Dream of the Lotus Lake', 'Vietnamese', 2019, '10-2-4', 6, 'Pham Thi Lan', 'Drama'),
('Silent Streets of Saigon', 'Vietnamese', 2021, '10-2-5', 9, 'Hoang Anh Tuan', 'Thriller'),
('Waves of the East Sea', 'Vietnamese', 2016, '10-2-6', 8, 'Do Thi Mai', 'Adventure'),
('Tales of the Ancient Village', 'Vietnamese', 2015, '10-2-7', 11, 'Bui Van Quang', 'Folklore'),
('Light over the Mekong', 'Vietnamese', 2022, '10-2-8', 13, 'Nguyen Thu Ha', 'Travel'),
('The Forgotten Pagoda', 'Vietnamese', 2014, '10-2-9', 5, 'Vu Van Long', 'Mystery'),
('Song of the Lotus Child', 'Vietnamese', 2019, '10-2-10', 14, 'Dang Thi Kim', 'Children'),

('Moonlight over Kyoto', 'Japanese', 2018, '11-3-1', 10, 'Satoshi Tanaka', 'Romance'),
('Samurai''s Silent Oath', 'Japanese', 2016, '11-3-2', 7, 'Kenji Nakamura', 'Historical'),
('Beyond Mount Fuji', 'Japanese', 2020, '11-3-3', 9, 'Haruka Suzuki', 'Travel'),
('Cherry Blossoms in Winter', 'Japanese', 2019, '11-3-4', 15, 'Yuki Yamamoto', 'Drama'),
('Shadow of the Shogun', 'Japanese', 2015, '11-3-5', 6, 'Takashi Mori', 'Thriller'),
('Spirit of the Crane', 'Japanese', 2021, '11-3-6', 12, 'Aya Kobayashi', 'Folklore'),
('The Lantern Festival', 'Japanese', 2017, '11-3-7', 8, 'Naoki Fujimoto', 'Culture'),
('Whispers from Edo', 'Japanese', 2014, '11-3-8', 5, 'Hiroshi Kato', 'Mystery'),
('Voices of Okinawa', 'Japanese', 2019, '11-3-9', 11, 'Mika Hayashi', 'Anthology'),
('The Rising Sun Legacy', 'Japanese', 2022, '11-3-10', 13, 'Ryo Watanabe', 'Fiction');
INSERT INTO books (title, lang, publisher_year, location, quantity, author_name, genre)
VALUES

('Legends of the Perfume River', 'Vietnamese', 2016, '12-1-1', 9, 'Nguyen Van Nam', 'Folklore'),
('The Hanoi Midnight Rain', 'Vietnamese', 2021, '12-1-2', 12, 'Pham Thi Huong', 'Romance'),
('Winds over Ha Long Bay', 'Vietnamese', 2018, '12-1-3', 8, 'Le Van Tuan', 'Travel'),
('The Hidden Alley of Hue', 'Vietnamese', 2019, '12-1-4', 10, 'Tran Thi Mai', 'Drama'),
('Shadows under the Banyan Tree', 'Vietnamese', 2017, '12-1-5', 6, 'Bui Van Hung', 'Mystery'),
('The Fisherman''s Song', 'Vietnamese', 2015, '12-1-6', 11, 'Hoang Thi Lan', 'Anthology'),
('Voices of the Central Highlands', 'Vietnamese', 2022, '12-1-7', 13, 'Dang Van Quoc', 'Culture'),
('Autumn Leaves in Da Lat', 'Vietnamese', 2020, '12-1-8', 7, 'Vu Thi Phuong', 'Romance'),
('The Old Quarter Diaries', 'Vietnamese', 2014, '12-1-9', 5, 'Nguyen Van Khoa', 'Historical'),
('Song of the Rice Fields', 'Vietnamese', 2019, '12-1-10', 14, 'Tran Thi Kim', 'Children'),

('Path of the Koi Fish', 'Japanese', 2016, '13-2-1', 10, 'Kazuki Saito', 'Folklore'),
('Haiku under the Moon', 'Japanese', 2018, '13-2-2', 12, 'Akira Yamashita', 'Poetry'),
('The Last Ronin', 'Japanese', 2020, '13-2-3', 8, 'Shinji Takeda', 'Historical'),
('Kimono Secrets', 'Japanese', 2019, '13-2-4', 11, 'Aiko Nishida', 'Drama'),
('Tokyo Twilight', 'Japanese', 2021, '13-2-5', 9, 'Rina Matsumoto', 'Fiction'),
('The Noh Mask Mystery', 'Japanese', 2015, '13-2-6', 7, 'Kenta Okada', 'Mystery'),
('Song of the Torii Gate', 'Japanese', 2017, '13-2-7', 13, 'Mai Shimizu', 'Culture'),
('Samurai''s Daughter', 'Japanese', 2014, '13-2-8', 5, 'Takeshi Kobayashi', 'Romance'),
('Storm over Hokkaido', 'Japanese', 2018, '13-2-9', 10, 'Sora Arai', 'Adventure'),
('The Eternal Sakura', 'Japanese', 2022, '13-2-10', 15, 'Haruto Ishikawa', 'Romance');
INSERT INTO books (title, lang, publisher_year, location, quantity, author_name, genre)
VALUES
('The Red River Tales', 'Vietnamese', 2016, '14-3-1', 8, 'Nguyen Thi Hoa', 'Folklore'),
('Whispers of Saigon', 'Vietnamese', 2019, '14-3-2', 12, 'Pham Van Long', 'Drama'),
('The Mekong Journey', 'Vietnamese', 2018, '14-3-3', 10, 'Tran Thi Lan', 'Travel'),
('Moonlight over My Son', 'Vietnamese', 2021, '14-3-4', 7, 'Le Van Phuc', 'Historical'),
('The Bamboo Flute', 'Vietnamese', 2017, '14-3-5', 9, 'Bui Thi Thanh', 'Children'),
('Dreams of the Highlands', 'Vietnamese', 2020, '14-3-6', 14, 'Hoang Van Minh', 'Romance'),
('The Old Pagoda', 'Vietnamese', 2015, '14-3-7', 6, 'Vu Thi Huong', 'Culture'),
('Song of Hue Perfume River', 'Vietnamese', 2019, '14-3-8', 11, 'Dang Van Tien', 'Anthology'),
('The Village Drum', 'Vietnamese', 2014, '14-3-9', 13, 'Nguyen Van Duc', 'Folklore'),
('Autumn in Hanoi', 'Vietnamese', 2022, '14-3-10', 15, 'Tran Thi Phuong', 'Romance'),

('Whispers of Kyoto', 'Japanese', 2017, '15-4-1', 12, 'Aya Takahashi', 'Drama'),
('The Shogun''s Legacy', 'Japanese', 2016, '15-4-2', 9, 'Ryo Watanabe', 'Historical'),
('Cherry Blossoms Dream', 'Japanese', 2019, '15-4-3', 14, 'Hana Suzuki', 'Romance'),
('Voices of Mount Fuji', 'Japanese', 2015, '15-4-4', 8, 'Daichi Yamada', 'Culture'),
('Kamikura Mysteries', 'Japanese', 2020, '15-4-5', 11, 'Ren Fujimoto', 'Mystery'),
('The Lantern Festival', 'Japanese', 2018, '15-4-6', 10, 'Mika Hoshino', 'Folklore'),
('Silent Streets of Osaka', 'Japanese', 2021, '15-4-7', 7, 'Takumi Mori', 'Fiction'),
('The Samurai''s Promise', 'Japanese', 2014, '15-4-8', 6, 'Kenji Nakamura', 'Historical'),
('Dance of the Cranes', 'Japanese', 2019, '15-4-9', 13, 'Airi Hayashi', 'Culture'),
('Winter in Sapporo', 'Japanese', 2022, '15-4-10', 15, 'Sho Tanaka', 'Romance');

-- reader

INSERT INTO reader (student_id, full_name, email, phone_number, faculty)
VALUES
(20204567, 'Nguyen Van An', 'nguyenvanan20204567@stu.gcut.edu.vn', '0912345678', 'Computer Science'),
(20210345, 'Liam Johnson', 'liamjohnson20210345@stu.gcut.edu.vn', '0987654321', 'Automation & Electronics'),
(20225678, 'Tran Thi Hoa', 'tranthihhoa20225678@stu.gcut.edu.vn', '0901234567', 'Information Technology'),
(20217890, 'Sophia Brown', 'sophiabrown20217890@stu.gcut.edu.vn', '0918765432', 'Software Engineering'),
(20231234, 'Pham Van Binh', 'phamvanbinh20231234@stu.gcut.edu.vn', '0923456789', 'Automotive Engineering'),
(20226789, 'Oliver Smith', 'oliversmith20226789@stu.gcut.edu.vn', '0934567890', 'Digital Media & Design'),
(20218901, 'Le Thi Mai', 'lethimai20218901@stu.gcut.edu.vn', '0945678901', 'Data Science & AI'),
(20233456, 'Emma Davis', 'emmadavis20233456@stu.gcut.edu.vn', '0956789012', 'Language & Communication'),
(20240123, 'Hoang Van Long', 'hoangvanlong20240123@stu.gcut.edu.vn', '0967890123', 'Biotechnology & Biomedical Engineering'),
(20247890, 'Mason Wilson', 'masonwilson20247890@stu.gcut.edu.vn', '0978901234', 'Mechanical Engineering'),
(20251234, 'Nguyen Thi Lan', 'nguyenthilan20251234@stu.gcut.edu.vn', '0989012345', 'Computer Science'),
(20234567, 'Isabella Taylor', 'isabellataylor20234567@stu.gcut.edu.vn', '0912340987', 'Automation & Electronics'),
(20223456, 'Tran Van Khoa', 'tranvankhoa20223456@stu.gcut.edu.vn', '0923451098', 'Information Technology'),
(20219876, 'Lucas Martin', 'lucasmartin20219876@stu.gcut.edu.vn', '0934562109', 'Software Engineering'),
(20227654, 'Le Van Hieu', 'levanhieu20227654@stu.gcut.edu.vn', '0945673210', 'Automotive Engineering'),
(20238901, 'Charlotte Moore', 'charlottemoore20238901@stu.gcut.edu.vn', '0956784321', 'Digital Media & Design'),
(20246789, 'Nguyen Van Tuan', 'nguyenvantuan20246789@stu.gcut.edu.vn', '0967895432', 'Data Science & AI'),
(20234512, 'Ethan Harris', 'ethanharris20234512@stu.gcut.edu.vn', '0978906543', 'Language & Communication'),
(20251245, 'Pham Thi Thu', 'phamthithu20251245@stu.gcut.edu.vn', '0989017654', 'Biotechnology & Biomedical Engineering'),
(20228901, 'Amelia Clark', 'ameliacark20228901@stu.gcut.edu.vn', '0912348765', 'Mechanical Engineering');
INSERT INTO reader (student_id, full_name, email, phone_number, faculty)
VALUES
(20211234, 'Nguyen Thi Huong', 'nguyenthihuong20211234@stu.gcut.edu.vn', '0921123456', 'Computer Science'),
(20215678, 'Ethan Walker', 'ethanwalker20215678@stu.gcut.edu.vn', '0931567890', 'Automation & Electronics'),
(20213456, 'Le Van Duy', 'levanduy20213456@stu.gcut.edu.vn', '0941345678', 'Information Technology'),
(20214567, 'Olivia Johnson', 'oliviajohnson20214567@stu.gcut.edu.vn', '0951456789', 'Software Engineering'),
(20216789, 'Pham Thi Ngoc', 'phamthingoc20216789@stu.gcut.edu.vn', '0961678901', 'Automotive Engineering'),
(20212345, 'Liam Smith', 'liamsmith20212345@stu.gcut.edu.vn', '0971234567', 'Digital Media & Design'),
(20217891, 'Tran Van Nam', 'tranvannam20217891@stu.gcut.edu.vn', '0981789123', 'Data Science & AI'),
(20214568, 'Emma Wilson', 'emmawilson20214568@stu.gcut.edu.vn', '0911456782', 'Language & Communication'),
(20215679, 'Hoang Thi Lan', 'hoangthilan20215679@stu.gcut.edu.vn', '0921567893', 'Biotechnology & Biomedical Engineering'),
(20213457, 'Noah Brown', 'noahbrown20213457@stu.gcut.edu.vn', '0931345674', 'Mechanical Engineering'),
(20216790, 'Nguyen Van Hieu', 'nguyenvanhieu20216790@stu.gcut.edu.vn', '0941678905', 'Computer Science'),
(20212346, 'Sophia Taylor', 'sophiataylor20212346@stu.gcut.edu.vn', '0951234568', 'Automation & Electronics'),
(20217892, 'Le Thi Thanh', 'lethithanh20217892@stu.gcut.edu.vn', '0961789124', 'Information Technology'),
(20214569, 'Lucas Martin', 'lucasmartin20214569@stu.gcut.edu.vn', '0971456783', 'Software Engineering'),
(20215680, 'Nguyen Thi Mai', 'nguyenthimai20215680@stu.gcut.edu.vn', '0981567894', 'Automotive Engineering'),
(20213458, 'Mason Davis', 'masondavis20213458@stu.gcut.edu.vn', '0911345675', 'Digital Media & Design'),
(20216791, 'Tran Thi Thu', 'tranthithu20216791@stu.gcut.edu.vn', '0921678906', 'Data Science & AI'),
(20212347, 'Amelia Clark', 'ameliaclarK20212347@stu.gcut.edu.vn', '0931234569', 'Language & Communication'),
(20217893, 'Pham Van Tien', 'phamvantien20217893@stu.gcut.edu.vn', '0941789125', 'Biotechnology & Biomedical Engineering'),
(20214570, 'Charlotte Moore', 'charlottemoore20214570@stu.gcut.edu.vn', '0951456784', 'Mechanical Engineering');
INSERT INTO reader (student_id, full_name, email, phone_number, faculty)
VALUES
(20223457, 'Nguyen Van Cuong', 'nguyenvancuong20223457@stu.gcut.edu.vn', '0962345789', 'Computer Science'),
(20224568, 'Sophia White', 'sophiawhite20224568@stu.gcut.edu.vn', '0972456890', 'Automation & Electronics'),
(20225679, 'Le Thi Lan', 'lethilan20225679@stu.gcut.edu.vn', '0982567901', 'Information Technology'),
(20226780, 'Ethan Brown', 'ethanbrown20226780@stu.gcut.edu.vn', '0912678012', 'Software Engineering'),
(20227891, 'Pham Van Long', 'phamvanlong20227891@stu.gcut.edu.vn', '0922789123', 'Automotive Engineering'),
(20228902, 'Oliver Taylor', 'olivertaylor20228902@stu.gcut.edu.vn', '0932890234', 'Digital Media & Design'),
(20229013, 'Tran Thi Mai', 'tranthimai20229013@stu.gcut.edu.vn', '0942901345', 'Data Science & AI'),
(20230124, 'Charlotte Brown', 'charlottebrown20230124@stu.gcut.edu.vn', '0953012456', 'Language & Communication'),
(20231235, 'Hoang Van Hieu', 'hoangvanhieu20231235@stu.gcut.edu.vn', '0963123567', 'Biotechnology & Biomedical Engineering'),
(20232346, 'Amelia Johnson', 'ameliajohnson20232346@stu.gcut.edu.vn', '0973234678', 'Mechanical Engineering'),
(20233457, 'Nguyen Thi Thu', 'nguyenthithu20233457@stu.gcut.edu.vn', '0983345789', 'Computer Science'),
(20234568, 'Lucas Smith', 'lucassmith20234568@stu.gcut.edu.vn', '0913456890', 'Automation & Electronics'),
(20235679, 'Le Van Tuan', 'levantuan20235679@stu.gcut.edu.vn', '0923567901', 'Information Technology'),
(20236780, 'Sophia Martin', 'sophiamartin20236780@stu.gcut.edu.vn', '0933678012', 'Software Engineering'),
(20237891, 'Pham Thi Hoa', 'phamthithoa20237891@stu.gcut.edu.vn', '0943789123', 'Automotive Engineering'),
(20238902, 'Ethan Moore', 'ethanmoore20238902@stu.gcut.edu.vn', '0953890234', 'Digital Media & Design'),
(20239013, 'Tran Van Khoa', 'tranvankhoa20239013@stu.gcut.edu.vn', '0963901345', 'Data Science & AI'),
(20240124, 'Olivia Harris', 'oliviaharris20240124@stu.gcut.edu.vn', '0974012456', 'Language & Communication'),
(20241235, 'Nguyen Van Tien', 'nguyenvantien20241235@stu.gcut.edu.vn', '0984123567', 'Biotechnology & Biomedical Engineering'),
(20242346, 'Charlotte Davis', 'charlottedavis20242346@stu.gcut.edu.vn', '0914234678', 'Mechanical Engineering');

--readeraccounts
INSERT INTO readeraccounts (student_id, username, password, status, role) VALUES
(20211234, 'nguyenthihuong20211234@stu.gcut.edu.vn', '$2b$12$PQbTwttbphKV1FCnPPdeNOswhqgcg/ggnQvIV5Vo4RprfgQ9WPDJO', 'Active', 'student'),
(20215678, 'ethanwalker20215678@stu.gcut.edu.vn', '$2b$12$7CXAYppRZQJX6v.0zHk5R.8jnPLtME7bQeLVmLe9j1An2ScOxpjLK', 'Active', 'student'),
(20213456, 'levanduy20213456@stu.gcut.edu.vn', '$2b$12$dl7oTJM2PAYzUr0Od5gQhu7IAY4rlYj/xyquL8EGNAzUiEy/l/EdC', 'Active', 'student'),
(20214567, 'oliviajohnson20214567@stu.gcut.edu.vn', '$2b$12$PU2cXVAImgjQu7uINNO4Z.SrFGKTvSliEbjIq0P.qjeLG3JEFyqVa', 'Active', 'student'),
(20216789, 'phamthingoc20216789@stu.gcut.edu.vn', '$2b$12$c4IJ4/3DDlDoBHHL7MXH1ecXwwm7DK69m84aT0GZHl38ouDNMVQGC', 'Active', 'student'),
(20212345, 'liamsmith20212345@stu.gcut.edu.vn', '$2b$12$R/ed4I/ktJxZvmJdL0JwcOYDWhx4ro5jpkOmsGIyIYiOyWg9.yRDC', 'Active', 'student'),
(20217891, 'tranvannam20217891@stu.gcut.edu.vn', '$2b$12$rwjxfzyaMt7I7TeeQemSMO4J0KS18/1HTrtZNTSF43xSfEgXHAUji', 'Active', 'student'),
(20214568, 'emmawilson20214568@stu.gcut.edu.vn', '$2b$12$Nx.Jr5MjBrvjQO2NQ3Qft.z1XjQAv4t5LXOdOVuYUvLplRiiH00CO', 'Active', 'student'),
(20215679, 'hoangthilan20215679@stu.gcut.edu.vn', '$2b$12$3hUJtpLh8ZgJIokVvaqDOeud0StU33VdCEhPoy9awaFFtyr7MrSk6', 'Active', 'student'),
(20213457, 'noahbrown20213457@stu.gcut.edu.vn', '$2b$12$Kh2XQzqNU7qPTLWQ/wNKJuFYZwNI1EWnyYOIAVYcrScsrcCo4G7iS', 'Active', 'student'),
(20216790, 'nguyenvanhieu20216790@stu.gcut.edu.vn', '$2b$12$eppcWwHFSL4a/0PUyWt7Te/949hPcbld4l5jghvKBm6emPHmTEDVO', 'Active', 'student'),
(20212346, 'sophiataylor20212346@stu.gcut.edu.vn', '$2b$12$L5wByxhd7wmEl62f57Q7s.jSdi4R8dn2sotHkcwbbEe2K.xu3dfEa', 'Active', 'student'),
(20217892, 'lethithanh20217892@stu.gcut.edu.vn', '$2b$12$./qnebNA9QhYORj4aJilzesMUT6BDH/AjCUvwFr1Jr/7iFFFdqzty', 'Active', 'student'),
(20214569, 'lucasmartin20214569@stu.gcut.edu.vn', '$2b$12$gI1IA2rFpTWdJqqEC8hn2ubbXVEpzCZwg1OsjGeOi1rYsgu2OI5aW', 'Active', 'student'),
(20215680, 'nguyenthimai20215680@stu.gcut.edu.vn', '$2b$12$Df31qhB5WyzqTVs0SwaZ1.sIcysmQbvLSSi4GwIMZgYqadNe9Tkoy', 'Active', 'student'),
(20213458, 'masondavis20213458@stu.gcut.edu.vn', '$2b$12$Jd331QvdJKtRdV7JpUi8FuyxuL3O7ZmZbM57t17yl0d.CzFqijtYC', 'Active', 'student'),
(20216791, 'tranthithu20216791@stu.gcut.edu.vn', '$2b$12$.5C2JnClL2BW1AZtA96VBOoL1Lp2Cm9JEcXA3RoetNcP.hdlAAfiq', 'Active', 'student'),
(20212347, 'ameliaclarK20212347@stu.gcut.edu.vn', '$2b$12$zjRs770lUWzfY0XnlJAhUu8oV6Qtp19Po7lkDX8eyEY9LGmr.52xG', 'Active', 'student'),
(20217893, 'phamvantien20217893@stu.gcut.edu.vn', '$2b$12$WlvsFMstEbmliWXg/QVcsOT.DwAns/q9JR2sOpZN6rkSu.DmE7KMG', 'Active', 'student'),
(20214570, 'charlottemoore20214570@stu.gcut.edu.vn', '$2b$12$x9e2sgISatmEx2cIzkH8Ce.Zgk573EbN7V4nXf7gKfqgad.x7YKTG', 'Active', 'student');
INSERT INTO readeraccounts (student_id, username, password, status, role) VALUES
(20204567, 'nguyenvanan20204567@stu.gcut.edu.vn', '$2b$12$MrSuT0lbiAZTHLayh0Z5benlKkTN.ge45KUErnOVVrBVjbtbJwc/O', 'Active', 'student'),
(20210345, 'liamjohnson20210345@stu.gcut.edu.vn', '$2b$12$m624.L6wdSGbe4CD8Oy6P.L.2F7ZvxHjoHjPcOCEOzRweDjBctld2', 'Active', 'student'),
(20225678, 'tranthihhoa20225678@stu.gcut.edu.vn', '$2b$12$Z10LXWAec4kxXjsCrK5aZ.oIg6gcblG9Qyi/4HZVZU/8otCYBIZE6', 'Active', 'student'),
(20217890, 'sophiabrown20217890@stu.gcut.edu.vn', '$2b$12$Dva1XdJik1j6gwfAVpDUY.2So1Eu5IrjjuprUT0V.8D1BZwY7WtzC', 'Active', 'student'),
(20231234, 'phamvanbinh20231234@stu.gcut.edu.vn', '$2b$12$Yf3o6GmPswIQt.opxxROaesvisboNHOhqzBB6XlS0ULtta90wUXVe', 'Active', 'student'),
(20226789, 'oliversmith20226789@stu.gcut.edu.vn', '$2b$12$C9/qeJDOBvIzgSUsZ/Kz2.z/DxDt9VEk/JRgCCmQWulHU1flpFaTC', 'Active', 'student'),
(20218901, 'lethimai20218901@stu.gcut.edu.vn', '$2b$12$LXsPUOJJOj8GVp3/9mg23ejHewoaJCw3OEf7uhMtV2gfhjhRuo82G', 'Active', 'student'),
(20233456, 'emmadavis20233456@stu.gcut.edu.vn', '$2b$12$CgMsuK0GN3jO.hNdBkWW6.JGLqKJ/4PKXIcT6IRms2OPipYQaqYte', 'Active', 'student'),
(20240123, 'hoangvanlong20240123@stu.gcut.edu.vn', '$2b$12$4c8lGPWiveoPjw7solvpGuNhNfQw7ENCZyHC/EcuHTLY4PbRALd3i', 'Active', 'student'),
(20247890, 'masonwilson20247890@stu.gcut.edu.vn', '$2b$12$N4v703S68vWXpUwg.92bcuyWrSsbyHmqLs9ZqnGl9TC2Vnr6GrJ5m', 'Active', 'student'),
(20251234, 'nguyenthilan20251234@stu.gcut.edu.vn', '$2b$12$eIxIapEULIz0yUUfr/i3.ex1x7bYbGD0MtlHTP6APsSiWB71Ofvre', 'Active', 'student'),
(20234567, 'isabellataylor20234567@stu.gcut.edu.vn', '$2b$12$qj03lFlUm8TfKRw35zGdyukadRS5Uc0tYWS5IJiLEdoVV2OXTbjLS', 'Active', 'student'),
(20223456, 'tranvankhoa20223456@stu.gcut.edu.vn', '$2b$12$WTxAFSFxEOKZCd3/T8eKMuEgIUHrVjmlFJkkZsR.5Txq82RJJhtQC', 'Active', 'student'),
(20219876, 'lucasmartin20219876@stu.gcut.edu.vn', '$2b$12$JrhaiTh18fWshhjvxXck7O0jIEcxbOX32p9BB2f1qomxWnVmXFaie', 'Active', 'student'),
(20227654, 'levanhieu20227654@stu.gcut.edu.vn', '$2b$12$DXwJvLmaIWjx.frrI1qQrOrQGbUea2vKlzIYXVYQ.go3XKgy35FKe', 'Active', 'student'),
(20238901, 'charlottemoore20238901@stu.gcut.edu.vn', '$2b$12$.CeoqOnyCBShFvnnMxjaEOmV7IR48qHj4L/ryiI7PwkK0XrCKh70m', 'Active', 'student'),
(20246789, 'nguyenvantuan20246789@stu.gcut.edu.vn', '$2b$12$U3ZgvKbHDq.VomVaXYgbie245CsdB4eVgh0zyps0ulpoaMUGHBYNy', 'Active', 'student'),
(20234512, 'ethanharris20234512@stu.gcut.edu.vn', '$2b$12$kilYcw9HRRwcvClJhAPc9OJKXFolk15bbrdupd2L9.By1mJY3dn7W', 'Active', 'student'),
(20251245, 'phamthithu20251245@stu.gcut.edu.vn', '$2b$12$Ktnq9ov7AbVtxwHgCUGH4.ve4pt83OLqWoxVGTbR9kUq2d5YMCgc2', 'Active', 'student'),
(20228901, 'ameliacark20228901@stu.gcut.edu.vn', '$2b$12$j8GrVn3Oxt3WDINF1CXLRe0cd6tlYHvfFaI8u2W2wzIoWz9f.q6GC', 'Active', 'student');
INSERT INTO readeraccounts (student_id, username, password, status, role) VALUES
(20223457, 'nguyenvancuong20223457@stu.gcut.edu.vn', '$2b$12$cWR..o7wwwnohKLL3YIMd.4/Ux6LETt1DvmpWVqktbWC2sTO9WIOW', 'Active', 'student'),
(20224568, 'sophiawhite20224568@stu.gcut.edu.vn', '$2b$12$18j5tjYwwzW.Xzd5BNM80.6EnYDU4drQHZ9BVZUfq7v/kJ8oh799m', 'Active', 'student'),
(20225679, 'lethilan20225679@stu.gcut.edu.vn', '$2b$12$oMk5TqMYLfjoGRJUs3MSme9miduWqGiCcFONSK1igRzLUVOoI8WIa', 'Active', 'student'),
(20226780, 'ethanbrown20226780@stu.gcut.edu.vn', '$2b$12$1xNKyJIzE4o56lPBR9mEIOdcDzLdFXVmyBnC79cr.lX3RDCXNBGHq', 'Active', 'student'),
(20227891, 'phamvanlong20227891@stu.gcut.edu.vn', '$2b$12$cblPiy6VBaq4IPcL1OV3y.OW5SOxbQGURiix7MNY6GbV5brlb9gTW', 'Active', 'student'),
(20228902, 'olivertaylor20228902@stu.gcut.edu.vn', '$2b$12$yHYF.0PxjmiE12xNSF5vtu/JYdfW9i5vKdCykJ8lFjig5Tey0GlmC', 'Active', 'student'),
(20229013, 'tranthimai20229013@stu.gcut.edu.vn', '$2b$12$XCadvPe/FDfYRTWg/Xg4peg8ezx4IkTkDkIlMMkjn0qLpW54b.NZK', 'Active', 'student'),
(20230124, 'charlottebrown20230124@stu.gcut.edu.vn', '$2b$12$zatEMvht8jWpuW5ZWzpUAOVndtPJwoiLgc2Ijg07Tyru8tp6mxFKi', 'Active', 'student'),
(20231235, 'hoangvanhieu20231235@stu.gcut.edu.vn', '$2b$12$lbCb5p9bA5g5d3H8MyIHpOwfH45G6u6Moo09UmgSSRSeoL3/ViT.S', 'Active', 'student'),
(20232346, 'ameliajohnson20232346@stu.gcut.edu.vn', '$2b$12$gkbLzr8dQoX2.A4zKv0kl.6Y9NihTuukNg4NfG/LeBKfpmJi8Z8ua', 'Active', 'student'),
(20233457, 'nguyenthithu20233457@stu.gcut.edu.vn', '$2b$12$TNkCWhIaRgRSEznyimE3AuaWZ7GMZI6H0LHsDwCe0zHuVQDN/MrNm', 'Active', 'student'),
(20234568, 'lucassmith20234568@stu.gcut.edu.vn', '$2b$12$T3DbAAtF0u0qmpzJZEyPIOi./HLWay3W3W6tyGLsff.zkcjHqsk0G', 'Active', 'student'),
(20235679, 'levantuan20235679@stu.gcut.edu.vn', '$2b$12$XOpLZiyooSSSugeidQzig.LogNIqibXmmzrATQchABxMDlLbABZly', 'Active', 'student'),
(20236780, 'sophiamartin20236780@stu.gcut.edu.vn', '$2b$12$q2Nwxyx3PtJuusylYBF8CO7zWDHRL.4e/bimwvGsNoaTM5hXJL0gG', 'Active', 'student'),
(20237891, 'phamthithoa20237891@stu.gcut.edu.vn', '$2b$12$VWlKgtAjTd/HJQXvEv5sCefj6U5MPBb7Vts2AMLVeAAL5VsCfSHe2', 'Active', 'student'),
(20238902, 'ethanmoore20238902@stu.gcut.edu.vn', '$2b$12$B31ySnQEZTd7CS0BiXyLweXsszdmO8Jys5Hm5C3jLrf/BsNMLdrPi', 'Active', 'student'),
(20239013, 'tranvankhoa20239013@stu.gcut.edu.vn', '$2b$12$V1YUGc8L4DqyVI3J2o6H7uYBPfvT0yPI4ZCdyzQKaOIxhLOj0pfnu', 'Active', 'student'),
(20240124, 'oliviaharris20240124@stu.gcut.edu.vn', '$2b$12$KRPU.8VCpmUPH6/yuzX5xeudUlRaSW0G0Yup9QbVNmin..cZwCE4e', 'Active', 'student'),
(20241235, 'nguyenvantien20241235@stu.gcut.edu.vn', '$2b$12$0yuIhxpKupFQpiyJjeFc0eYD5ExjFHwqk0grVpQRsmt0VY1yyLIx6', 'Active', 'student'),
(20242346, 'charlottedavis20242346@stu.gcut.edu.vn', '$2b$12$H2Z3j6l5cC3tjP.Lc8I7buZUqvlPRKJ8IHlY99YOyAr9ZJLgr0RSq', 'Active', 'student');


-- borrowreocrds
INSERT INTO borrowrecords (record_id, reader_id, book_id, borrow_date, due_date, return_date) VALUES
(1, 1, 3, '2024-10-12', '2024-10-26', '2024-10-19'),
(2, 5, 7, '2024-11-03', '2024-11-17', '2024-11-10'),
(3, 3, 2, '2024-10-25', '2024-11-08', '2024-11-01'),
(4, 8, 1, '2024-12-14', '2024-12-28', '2024-12-21'),
(5, 2, 5, '2024-11-20', '2024-12-04', '2024-11-27'),
(6, 12, 9, '2024-10-30', '2024-11-13', '2024-11-06'),
(7, 6, 4, '2024-12-02', '2024-12-16', '2024-12-09'),
(8, 9, 6, '2024-11-15', '2024-11-29', '2024-11-22'),
(9, 7, 8, '2025-01-05', '2025-01-19', '2025-01-12'),
(10, 10, 10, '2024-12-25', '2025-01-08', '2025-01-01'),
(11, 11, 1, '2024-10-18', '2024-11-01', '2024-10-25'),
(12, 4, 2, '2024-11-07', '2024-11-21', '2024-11-14'),
(13, 15, 3, '2025-01-10', '2025-01-24', '2025-01-17'),
(14, 13, 5, '2024-12-19', '2025-01-02', '2024-12-26'),
(15, 14, 7, '2024-11-28', '2024-12-12', '2024-12-05'),
(16, 16, 4, '2024-12-08', '2024-12-22', '2024-12-15'),
(17, 17, 6, '2025-01-22', '2025-02-05', '2025-01-29'),
(18, 18, 8, '2024-10-05', '2024-10-19', '2024-10-12'),
(19, 19, 9, '2024-11-12', '2024-11-26', '2024-11-19'),
(20, 20, 10, '2024-12-30', '2025-01-13', '2025-01-06');

INSERT INTO borrowrecords (record_id, reader_id, book_id, borrow_date, due_date, return_date) VALUES
(41, 21, 3, '2024-10-12', '2024-10-26', '2024-10-19'),
(42, 22, 7, '2024-11-03', '2024-11-17', '2024-11-10'),
(43, 23, 2, '2024-10-25', '2024-11-08', '2024-11-01'),
(44, 24, 1, '2024-12-14', '2024-12-28', '2024-12-21'),
(45, 25, 5, '2024-11-20', '2024-12-04', '2024-11-27'),
(46, 26, 9, '2024-10-30', '2024-11-13', '2024-11-06'),
(47, 27, 4, '2024-12-02', '2024-12-16', '2024-12-09'),
(48, 28, 6, '2024-11-15', '2024-11-29', '2024-11-22'),
(49, 29, 8, '2025-01-05', '2025-01-19', '2025-01-12'),
(50, 30, 10, '2024-12-25', '2025-01-08', '2025-01-01'),
(51, 31, 1, '2024-10-18', '2024-11-01', '2024-10-25'),
(52, 32, 2, '2024-11-07', '2024-11-21', '2024-11-14'),
(53, 33, 3, '2025-01-10', '2025-01-24', '2025-01-17'),
(54, 34, 5, '2024-12-19', '2025-01-02', '2024-12-26'),
(55, 35, 7, '2024-11-28', '2024-12-12', '2024-12-05'),
(56, 36, 4, '2024-12-08', '2024-12-22', '2024-12-15'),
(57, 37, 6, '2025-01-22', '2025-02-05', '2025-01-29'),
(58, 38, 8, '2024-10-05', '2024-10-19', '2024-10-12'),
(59, 39, 9, '2024-11-12', '2024-11-26', '2024-11-19'),
(60, 40, 10, '2024-12-30', '2025-01-13', '2025-01-06');
INSERT INTO borrowrecords (record_id, reader_id, book_id, borrow_date, due_date, return_date) VALUES
(61, 21, 3, '2025-02-03', '2025-02-17', '2025-02-10'),
(62, 22, 7, '2025-02-15', '2025-03-01', '2025-02-22'),
(63, 23, 2, '2025-02-20', '2025-03-06', '2025-02-27'),
(64, 24, 1, '2025-03-05', '2025-03-19', '2025-03-12'),
(65, 25, 5, '2025-03-10', '2025-03-24', '2025-03-17'),
(66, 26, 9, '2025-03-18', '2025-04-01', '2025-03-25'),
(67, 27, 4, '2025-03-22', '2025-04-05', '2025-03-29'),
(68, 28, 6, '2025-04-01', '2025-04-15', '2025-04-08'),
(69, 29, 8, '2025-04-07', '2025-04-21', '2025-04-14'),
(70, 30, 10, '2025-04-12', '2025-04-26', '2025-04-19'),
(71, 31, 1, '2025-04-18', '2025-05-02', '2025-04-25'),
(72, 32, 2, '2025-04-22', '2025-05-06', '2025-04-29'),
(73, 33, 3, '2025-04-25', '2025-05-09', '2025-05-02'),
(74, 34, 5, '2025-04-28', '2025-05-12', '2025-05-05'),
(75, 35, 7, '2025-05-01', '2025-05-15', '2025-05-08'),
(76, 36, 4, '2025-05-03', '2025-05-17', '2025-05-10'),
(77, 37, 6, '2025-05-06', '2025-05-20', '2025-05-13'),
(78, 38, 8, '2025-05-09', '2025-05-23', '2025-05-16'),
(79, 39, 9, '2025-05-12', '2025-05-26', '2025-05-19'),
(80, 40, 10, '2025-05-15', '2025-05-29', '2025-05-22');
INSERT INTO borrowrecords (record_id, reader_id, book_id, borrow_date, due_date, return_date) VALUES
(81, 21, 3, '2025-06-02', '2025-06-16', '2025-06-09'),
(82, 22, 7, '2025-06-05', '2025-06-19', '2025-06-12'),
(83, 23, 2, '2025-06-08', '2025-06-22', '2025-06-15'),
(84, 24, 1, '2025-06-12', '2025-06-26', '2025-06-19'),
(85, 25, 5, '2025-06-15', '2025-06-29', '2025-06-22'),
(86, 26, 9, '2025-06-18', '2025-07-02', '2025-06-25'),
(87, 27, 4, '2025-06-20', '2025-07-04', '2025-06-27'),
(88, 28, 6, '2025-06-23', '2025-07-07', '2025-06-30'),
(89, 29, 8, '2025-06-25', '2025-07-09', '2025-07-02'),
(90, 30, 10, '2025-06-28', '2025-07-12', '2025-07-05'),
(91, 31, 1, '2025-07-01', '2025-07-15', '2025-07-08'),
(92, 32, 2, '2025-07-03', '2025-07-17', '2025-07-10'),
(93, 33, 3, '2025-07-05', '2025-07-19', '2025-07-12'),
(94, 34, 5, '2025-07-08', '2025-07-22', '2025-07-15'),
(95, 35, 7, '2025-07-10', '2025-07-24', '2025-07-17'),
(96, 36, 4, '2025-07-12', '2025-07-26', '2025-07-19'),
(97, 37, 6, '2025-07-15', '2025-07-29', '2025-07-22'),
(98, 38, 8, '2025-07-17', '2025-07-31', '2025-07-24'),
(99, 39, 9, '2025-07-20', '2025-08-03', '2025-07-27'),
(100, 40, 10, '2025-07-23', '2025-08-06', '2025-07-30');
INSERT INTO borrowrecords (record_id, reader_id, book_id, borrow_date, due_date, return_date) VALUES
(101, 21, 3, '2025-07-25', '2025-08-08', '2025-08-01'),
(102, 22, 7, '2025-07-28', '2025-08-11', NULL),
(103, 23, 2, '2025-07-30', '2025-08-13', '2025-08-06'),
(104, 24, 1, '2025-08-01', '2025-08-15', NULL),
(105, 25, 5, '2025-08-03', '2025-08-17', '2025-08-10'),
(106, 26, 9, '2025-08-05', '2025-08-19', NULL),
(107, 27, 4, '2025-08-07', '2025-08-21', '2025-08-14'),
(108, 28, 6, '2025-08-09', '2025-08-23', NULL),
(109, 29, 8, '2025-08-11', '2025-08-25', '2025-08-18'),
(110, 30, 10, '2025-08-13', '2025-08-27', NULL),
(111, 31, 1, '2025-08-15', '2025-08-29', '2025-08-22'),
(112, 32, 2, '2025-08-17', '2025-08-31', NULL),
(113, 33, 3, '2025-08-19', '2025-09-02', '2025-08-26'),
(114, 34, 5, '2025-08-21', '2025-09-04', NULL),
(115, 35, 7, '2025-08-23', '2025-09-06', '2025-08-30'),
(116, 36, 4, '2025-08-25', '2025-09-08', NULL),
(117, 37, 6, '2025-08-27', '2025-09-10', '2025-09-03'),
(118, 38, 8, '2025-08-29', '2025-09-12', NULL),
(119, 39, 9, '2025-08-30', '2025-09-13', '2025-09-06'),
(120, 40, 10, '2025-08-31', '2025-09-14', NULL);
